,book,character
0,5 Baptism of Fire,Adalia
1,5 Baptism of Fire,Adela
2,5 Baptism of Fire,Aen Saevherne
3,5 Baptism of Fire,Aevenien
4,5 Baptism of Fire,Aglaïs
5,5 Baptism of Fire,Albrich
6,5 Baptism of Fire,Amavet
7,5 Baptism of Fire,Angus Bri Cri
8,5 Baptism of Fire,Anna Kameny
9,5 Baptism of Fire,Anzelm Aubry
10,5 Baptism of Fire,Artaud Terranova
11,5 Baptism of Fire,Asse
12,5 Baptism of Fire,Assire var Anahid
13,5 Baptism of Fire,Aubry (first born)
14,5 Baptism of Fire,Augusta Wagner
15,5 Baptism of Fire,Baron of Casadei
16,5 Baptism of Fire,Beatrix of Kovir
17,5 Baptism of Fire,Bronik
18,5 Baptism of Fire,Brouver Hoog
19,5 Baptism of Fire,Cahir Mawr Dyffryn aep Ceallach
20,5 Baptism of Fire,Calanthe
21,5 Baptism of Fire,Caleb Stratton
22,5 Baptism of Fire,Carduin
23,5 Baptism of Fire,Ceallach aep Gruffyd
24,5 Baptism of Fire,Cerro
25,5 Baptism of Fire,Ciaran aep Dearbh
26,5 Baptism of Fire,Ciri
27,5 Baptism of Fire,Cirilla Fiona (imposter)
28,5 Baptism of Fire,Codringher
29,5 Baptism of Fire,Coinneach Dá Reo
30,5 Baptism of Fire,Connor
31,5 Baptism of Fire,Coram I
32,5 Baptism of Fire,Coram II
33,5 Baptism of Fire,Corbett
34,5 Baptism of Fire,Cosmo Baldenvegg
35,5 Baptism of Fire,Count Lanier
36,5 Baptism of Fire,Cregennan of Lod
37,5 Baptism of Fire,Crispin
38,5 Baptism of Fire,Dagorad
39,5 Baptism of Fire,Dandelion
40,5 Baptism of Fire,Daniel Etcheverry
41,5 Baptism of Fire,Demavend III
42,5 Baptism of Fire,Echel Traighlethan
43,5 Baptism of Fire,Effenberg
44,5 Baptism of Fire,Eithné
45,5 Baptism of Fire,Elan Trahe
46,5 Baptism of Fire,Elen of Kaedwen
47,5 Baptism of Fire,Emhyr var Emreis
48,5 Baptism of Fire,Emiel Regis Rohellec Terzieff-Godefroy
49,5 Baptism of Fire,Ethain
50,5 Baptism of Fire,Falka
51,5 Baptism of Fire,Falka (alias)
52,5 Baptism of Fire,Fauve
53,5 Baptism of Fire,Field Marshal Windbag
54,5 Baptism of Fire,Figgis Merluzzo
55,5 Baptism of Fire,Fiona
56,5 Baptism of Fire,Flourens Delannoy
57,5 Baptism of Fire,Foltest
58,5 Baptism of Fire,Francesca Findabair
59,5 Baptism of Fire,Fringilla Vigo
60,5 Baptism of Fire,Geralt of Rivia
61,5 Baptism of Fire,Gerhart of Aelle
62,5 Baptism of Fire,Giselher
63,5 Baptism of Fire,Goidemar
64,5 Baptism of Fire,Havekar
65,5 Baptism of Fire,Hector Laabs
66,5 Baptism of Fire,Hedwig of Malleore
67,5 Baptism of Fire,Henselt
68,5 Baptism of Fire,Houtborg triplets
69,5 Baptism of Fire,Ida Emean aep Sivney
70,5 Baptism of Fire,Iorweth
71,5 Baptism of Fire,Isengrim Faoiltiarna
72,5 Baptism of Fire,Iskra
73,5 Baptism of Fire,Istredd
74,5 Baptism of Fire,Ithlinne
75,5 Baptism of Fire,Jacob Fenn
76,5 Baptism of Fire,Jan Lennep
77,5 Baptism of Fire,Jan Struycken
78,5 Baptism of Fire,Jolie Lanier
79,5 Baptism of Fire,Kayleigh
80,5 Baptism of Fire,Keira Metz
81,5 Baptism of Fire,Kolda
82,5 Baptism of Fire,Lara Dorren
83,5 Baptism of Fire,Leo Bonhart
84,5 Baptism of Fire,Leticia Charbonneau
85,5 Baptism of Fire,Lucretia Vigo
86,5 Baptism of Fire,Margarita Laux-Antille
87,5 Baptism of Fire,Merlin
88,5 Baptism of Fire,Meve
89,5 Baptism of Fire,Milena (peasant)
90,5 Baptism of Fire,Millet
91,5 Baptism of Fire,Milva
92,5 Baptism of Fire,Mistle
93,5 Baptism of Fire,Morteisen
94,5 Baptism of Fire,Munro Bruys
95,5 Baptism of Fire,Muriel
96,5 Baptism of Fire,Mykita
97,5 Baptism of Fire,Nazarian
98,5 Baptism of Fire,Nimue verch Wledyr ap Gwyn
99,5 Baptism of Fire,Ori Reuven
100,5 Baptism of Fire,Orla
101,5 Baptism of Fire,Papebrock
102,5 Baptism of Fire,Percival Schuttenbach
103,5 Baptism of Fire,Philippa Eilhart
104,5 Baptism of Fire,Pinto
105,5 Baptism of Fire,Radovid V
106,5 Baptism of Fire,Reef
107,5 Baptism of Fire,Reynard Odo
108,5 Baptism of Fire,Riannon
109,5 Baptism of Fire,Rience
110,5 Baptism of Fire,Riordain
111,5 Baptism of Fire,Roach
112,5 Baptism of Fire,Robert of Garramone
113,5 Baptism of Fire,Roger Kameny
114,5 Baptism of Fire,Sabrina Glevissig
115,5 Baptism of Fire,Schirrú
116,5 Baptism of Fire,Servadio
117,5 Baptism of Fire,Sheala de Tancarville
118,5 Baptism of Fire,Shilard Fitz-Oesterlen
119,5 Baptism of Fire,Sievers
120,5 Baptism of Fire,Sigismund Dijkstra
121,5 Baptism of Fire,Silvester Bugiardo
122,5 Baptism of Fire,Simlas Finn aep Dabairr
123,5 Baptism of Fire,Sirssa
124,5 Baptism of Fire,Stefan Skellen
125,5 Baptism of Fire,Stella Congreve
126,5 Baptism of Fire,Stribog
127,5 Baptism of Fire,Stucco Zangenis
128,5 Baptism of Fire,Talbot
129,5 Baptism of Fire,Tissaia de Vries
130,5 Baptism of Fire,Toruviel
131,5 Baptism of Fire,Triss Merigold
132,5 Baptism of Fire,Tugdual
133,5 Baptism of Fire,Tuzik
134,5 Baptism of Fire,Vanadain
135,5 Baptism of Fire,Vascoigne
136,5 Baptism of Fire,Vattier de Rideaux
137,5 Baptism of Fire,Vera Loewenhaupt
138,5 Baptism of Fire,Vilgefortz
139,5 Baptism of Fire,Vissegerd
140,5 Baptism of Fire,Vizimir II
141,5 Baptism of Fire,Vreemde
142,5 Baptism of Fire,Vridank
143,5 Baptism of Fire,Xarthisius
144,5 Baptism of Fire,Yazon Varda
145,5 Baptism of Fire,Yennefer of Vengerberg
146,5 Baptism of Fire,Zgarba
147,5 Baptism of Fire,Zoltan Chivay
149,3 Blood of Elves,Abrad the Old Oak
150,3 Blood of Elves,Aelirenn
151,3 Blood of Elves,Agnes of Glanville
152,3 Blood of Elves,Anna Tiller
153,3 Blood of Elves,Anséis
154,3 Blood of Elves,Artaud Terranova
155,3 Blood of Elves,Axel Esparza
156,3 Blood of Elves,Boatbug
157,3 Blood of Elves,Boratek
158,3 Blood of Elves,Bronibor
159,3 Blood of Elves,Cahir Mawr Dyffryn aep Ceallach
160,3 Blood of Elves,Calanthe
161,3 Blood of Elves,Carduin
162,3 Blood of Elves,Carla Demetia Crest
163,3 Blood of Elves,Ciri
164,3 Blood of Elves,Coën
165,3 Blood of Elves,Crach an Craite
166,3 Blood of Elves,Dandelion
167,3 Blood of Elves,Demavend III
168,3 Blood of Elves,Dezmod
169,3 Blood of Elves,Donimir of Troy
170,3 Blood of Elves,Duke de Ruyter
171,3 Blood of Elves,Edmund Bumbler
172,3 Blood of Elves,Eist Tuirseach
173,3 Blood of Elves,Ekkehard of Sodden
174,3 Blood of Elves,Emhyr var Emreis
175,3 Blood of Elves,Ervyll
176,3 Blood of Elves,Eskel
177,3 Blood of Elves,Essi Daven
178,3 Blood of Elves,Esterad Thyssen
179,3 Blood of Elves,Ethain
180,3 Blood of Elves,Eurneid
181,3 Blood of Elves,Everett
182,3 Blood of Elves,Fercart
183,3 Blood of Elves,Flavius Michelet
184,3 Blood of Elves,Foltest
185,3 Blood of Elves,Francesca Findabair
186,3 Blood of Elves,Geoffrey Monck
187,3 Blood of Elves,Geralt of Rivia
188,3 Blood of Elves,Gerhart of Aelle
189,3 Blood of Elves,Giambattista
190,3 Blood of Elves,Griffin of Temeria
191,3 Blood of Elves,Gruzila
192,3 Blood of Elves,Henselt
193,3 Blood of Elves,Herbert Stammelford
194,3 Blood of Elves,Hereward
195,3 Blood of Elves,Hrosvitha
196,3 Blood of Elves,Iola
197,3 Blood of Elves,Iola the Second
198,3 Blood of Elves,Ironware
199,3 Blood of Elves,Ithlinne
200,3 Blood of Elves,Ivo Richert
201,3 Blood of Elves,Jan Bekker
202,3 Blood of Elves,Jarre
203,3 Blood of Elves,Katje
204,3 Blood of Elves,Keira Metz
205,3 Blood of Elves,Kistrin
206,3 Blood of Elves,Lambert
207,3 Blood of Elves,Linus Pitt
208,3 Blood of Elves,Lodovico Michelet
209,3 Blood of Elves,Lucas Corto
210,3 Blood of Elves,Lydia van Bredevoort
211,3 Blood of Elves,Lytta Neyd
212,3 Blood of Elves,Mama Lantieri
213,3 Blood of Elves,Maria Louisa La Valette
214,3 Blood of Elves,Marquis La Creahme
215,3 Blood of Elves,Medell
216,3 Blood of Elves,Menno Coehoorn
217,3 Blood of Elves,Meve
218,3 Blood of Elves,Michelet brothers
219,3 Blood of Elves,Milan Raupenneck
220,3 Blood of Elves,Myhrman
221,3 Blood of Elves,Myrrha
222,3 Blood of Elves,Nenneke
223,3 Blood of Elves,Nicodemus de Boot
224,3 Blood of Elves,Niedamir
225,3 Blood of Elves,Old Baron La Valette
226,3 Blood of Elves,Olsen
227,3 Blood of Elves,Ori Reuven
228,3 Blood of Elves,Paulie Dahlberg
229,3 Blood of Elves,Pavetta
230,3 Blood of Elves,Pelligram
231,3 Blood of Elves,Philippa Eilhart
232,3 Blood of Elves,Podveyka
233,3 Blood of Elves,Radcliffe
234,3 Blood of Elves,Radovid I
235,3 Blood of Elves,Radovid III
236,3 Blood of Elves,Rayla
237,3 Blood of Elves,Regan Dahlberg
238,3 Blood of Elves,Reginald
239,3 Blood of Elves,Rience
240,3 Blood of Elves,Rizzi Michelet
241,3 Blood of Elves,Roach
242,3 Blood of Elves,Sambuk
243,3 Blood of Elves,Schrader
244,3 Blood of Elves,Shani
245,3 Blood of Elves,Sheldon Skaggs
246,3 Blood of Elves,Sigismund Dijkstra
247,3 Blood of Elves,Stran
248,3 Blood of Elves,Tissaia de Vries
249,3 Blood of Elves,Toublanc Michelet
250,3 Blood of Elves,Triss Merigold
251,3 Blood of Elves,Unist
252,3 Blood of Elves,Vanielle
253,3 Blood of Elves,Venzlav
254,3 Blood of Elves,Vera Loewenhaupt
255,3 Blood of Elves,Vesemir
256,3 Blood of Elves,Vilfrid Wenck
257,3 Blood of Elves,Vilgefortz
258,3 Blood of Elves,Villem
259,3 Blood of Elves,Virfuril
260,3 Blood of Elves,Vissegerd
261,3 Blood of Elves,Vitek
262,3 Blood of Elves,Vizimir II
263,3 Blood of Elves,Windhalm of Attre
264,3 Blood of Elves,Wolfgang Amadeus Goatbeard
265,3 Blood of Elves,Xavier Moran
266,3 Blood of Elves,Yannick Brass
267,3 Blood of Elves,Yarpen Zigrin
268,3 Blood of Elves,Yennefer of Vengerberg
269,3 Blood of Elves,Yoël Grethen
270,3 Blood of Elves,Zyvik
271,Season of Storms,Abner de Navarette
272,Season of Storms,Adda the White
273,Season of Storms,Addarion Bach
274,Season of Storms,Aguara
275,Season of Storms,Aileach Mor-Dhu
276,Season of Storms,Albert Smulka
277,Season of Storms,Algernon Guincamp
278,Season of Storms,Alzur
279,Season of Storms,Antea Derris
280,Season of Storms,Axel Esparza
281,Season of Storms,Bang
282,Season of Storms,Belohun
283,Season of Storms,Bernie Hofmeier
284,Season of Storms,Biruta Icarti
285,Season of Storms,Brehen
286,Season of Storms,Briana de Sepulveda
287,Season of Storms,Bue
288,Season of Storms,Ciri
289,Season of Storms,Codringher
290,Season of Storms,Colonel de Santis
291,Season of Storms,Coppenrath
292,Season of Storms,Cosimo Malaspina
293,Season of Storms,Dandelion
294,Season of Storms,Drofuss
295,Season of Storms,Edwina
296,Season of Storms,Effenberg
297,Season of Storms,Egmund
298,Season of Storms,Elmer
299,Season of Storms,Escayrac
300,Season of Storms,Febus Ravenga
301,Season of Storms,Ferrant de Lettenhove
302,Season of Storms,Floquet
303,Season of Storms,Frans Torquil
304,Season of Storms,Geoffrey Monck
305,Season of Storms,Geralt of Rivia
306,Season of Storms,Gonschorek
307,Season of Storms,Harlan Tzara
308,Season of Storms,Horvath
309,Season of Storms,Idarran of Ulivo
310,Season of Storms,Ildiko Breckl
311,Season of Storms,Jacob de Sepulveda
312,Season of Storms,Jacob Fenn
313,Season of Storms,Jan Bekker
314,Season of Storms,Javil Fysh
315,Season of Storms,Jerosa Fuerte
316,Season of Storms,Jonas
317,Season of Storms,Kevenard van Vliet
318,Season of Storms,Lebioda
319,Season of Storms,Ligenza
320,Season of Storms,Lindenbrog
321,Season of Storms,Lytta Neyd
322,Season of Storms,Marti Södergren
323,Season of Storms,Maximilian Borsodi
324,Season of Storms,Maximilian Borsodi's brother
325,Season of Storms,Messer Luppi
326,Season of Storms,Mikita
327,Season of Storms,Molnar Giancardi
328,Season of Storms,Mozaïk
329,Season of Storms,Myles Trethevey
330,Season of Storms,Narses de la Roche
331,Season of Storms,Nikefor Muus
332,Season of Storms,Nimue verch Wledyr ap Gwyn
333,Season of Storms,Nino Cianfanelli
334,Season of Storms,Ohnesorg
335,Season of Storms,Ortolan
336,Season of Storms,Osmyk
337,Season of Storms,Otto Dussart
338,Season of Storms,Pandolfo Forteguerra
339,Season of Storms,Parlaghy
340,Season of Storms,Pastor
341,Season of Storms,Pelligram
342,Season of Storms,Petru Cobbin
343,Season of Storms,Prochaska
344,Season of Storms,Prospero Basti
345,Season of Storms,Pudlorak
346,Season of Storms,Pyral Pratt
347,Season of Storms,Rhyd
348,Season of Storms,Richter
349,Season of Storms,Roach
350,Season of Storms,Ropp
351,Season of Storms,Sabrina Glevissig
352,Season of Storms,Samsa
353,Season of Storms,Shevlov
354,Season of Storms,Sorel Degerlund
355,Season of Storms,Stucco Zangenis
356,Season of Storms,Talbot
357,Season of Storms,Tarp
358,Season of Storms,Tarvix Sandoval
359,Season of Storms,Tiziana Frevi
360,Season of Storms,Tonton Zroga
361,Season of Storms,Trent
362,Season of Storms,Tukaj
363,Season of Storms,Tverdoruk
364,Season of Storms,Vesemir
365,Season of Storms,Videmont
366,Season of Storms,Vimme Vivaldi
367,Season of Storms,Violetta
368,Season of Storms,Viraxas
369,Season of Storms,Vizimir II
370,Season of Storms,Vorsterkranz
371,Season of Storms,Vysogota of Corvo
372,Season of Storms,Wledyr
373,Season of Storms,Xander
374,Season of Storms,Xymena de Sepulveda
375,Season of Storms,Yan Malkin
376,Season of Storms,Yennefer of Vengerberg
377,"8 Something Ends, Something Begins",Adda the White
378,"8 Something Ends, Something Begins",Agloval
379,"8 Something Ends, Something Begins",Alzur
380,"8 Something Ends, Something Begins",Annika
381,"8 Something Ends, Something Begins",Braenn
382,"8 Something Ends, Something Begins",Brennan
383,"8 Something Ends, Something Begins",Caldemeyn
384,"8 Something Ends, Something Begins",Chireadan
385,"8 Something Ends, Something Begins",Ciri
386,"8 Something Ends, Something Begins",Cirilla (dryad)
387,"8 Something Ends, Something Begins",Crach an Craite
388,"8 Something Ends, Something Begins",Czop
389,"8 Something Ends, Something Begins",Dainty Biberveldt
390,"8 Something Ends, Something Begins",Dandelion
391,"8 Something Ends, Something Begins",Devereux
392,"8 Something Ends, Something Begins",Dorregaray
393,"8 Something Ends, Something Begins",Dudu
394,"8 Something Ends, Something Begins",Eithné (Braenn's daughter)
395,"8 Something Ends, Something Begins",Eskel
396,"8 Something Ends, Something Begins",Ethain
397,"8 Something Ends, Something Begins",Eurneid
398,"8 Something Ends, Something Begins",Fregenal
399,"8 Something Ends, Something Begins",Freixenet
400,"8 Something Ends, Something Begins",Freya (Skelliger)
401,"8 Something Ends, Something Begins",Galahad
402,"8 Something Ends, Something Begins",Gardenia Biberveldt
403,"8 Something Ends, Something Begins",Geralt of Rivia
404,"8 Something Ends, Something Begins",Grozim
405,"8 Something Ends, Something Begins",Herwig
406,"8 Something Ends, Something Begins",Hotspurn
407,"8 Something Ends, Something Begins",Iola the Second
408,"8 Something Ends, Something Begins",Jarre
409,"8 Something Ends, Something Begins",Kashka
410,"8 Something Ends, Something Begins",Kehl
411,"8 Something Ends, Something Begins",Kelpie (horse)
412,"8 Something Ends, Something Begins",Korin
413,"8 Something Ends, Something Begins",Koshchey's Men
414,"8 Something Ends, Something Begins",Leo Bonhart
415,"8 Something Ends, Something Begins",Lily Biberveldt
416,"8 Something Ends, Something Begins",Loki an Craite
417,"8 Something Ends, Something Begins",Manissa
418,"8 Something Ends, Something Begins",Matholm
419,"8 Something Ends, Something Begins",Merle
420,"8 Something Ends, Something Begins",Mikula (blacksmith)
421,"8 Something Ends, Something Begins",Mistle
422,"8 Something Ends, Something Begins",Mona (dryad)
423,"8 Something Ends, Something Begins",Morenn (Braenn's daughter)
424,"8 Something Ends, Something Begins",Mousesack
425,"8 Something Ends, Something Begins",Nenneke
426,"8 Something Ends, Something Begins",Percival Schuttenbach
427,"8 Something Ends, Something Begins",Radcliffe
428,"8 Something Ends, Something Begins",Radim
429,"8 Something Ends, Something Begins",Ragnar an Craite
430,"8 Something Ends, Something Begins",Sandy Frogmorton
431,"8 Something Ends, Something Begins",Sh'eenaz
432,"8 Something Ends, Something Begins",Sigismund Dijkstra
434,"8 Something Ends, Something Begins",Sulivoy
435,"8 Something Ends, Something Begins",Topin
436,"8 Something Ends, Something Begins",Triss Merigold
437,"8 Something Ends, Something Begins",Venzlav
438,"8 Something Ends, Something Begins",Vesemir
439,"8 Something Ends, Something Begins",Villentretenmerth
440,"8 Something Ends, Something Begins",Visenna
441,"8 Something Ends, Something Begins",Vissing
442,"8 Something Ends, Something Begins",White Lady
443,"8 Something Ends, Something Begins",Willem
444,"8 Something Ends, Something Begins",Yarpen Zigrin
445,"8 Something Ends, Something Begins",Yennefer of Vengerberg
446,"8 Something Ends, Something Begins",Yves
447,2 Sword of Destiny,Agloval
448,2 Sword of Destiny,Akeretta
449,2 Sword of Destiny,Alvina
450,2 Sword of Destiny,Arno Hardbottom
451,2 Sword of Destiny,Artaud Terranova
452,2 Sword of Destiny,Atlan Kerk
453,2 Sword of Destiny,Axel Esparza
454,2 Sword of Destiny,Beady-eyes
455,2 Sword of Destiny,Begonia Biberveldt
456,2 Sword of Destiny,Boholt
457,2 Sword of Destiny,Braenn
458,2 Sword of Destiny,Brick
459,2 Sword of Destiny,Budibog
460,2 Sword of Destiny,Calanthe
461,2 Sword of Destiny,Chappelle
462,2 Sword of Destiny,Ciri
463,2 Sword of Destiny,Crinfrid Reavers
464,2 Sword of Destiny,Cynthia (ballad subject)
465,2 Sword of Destiny,Dagobert
466,2 Sword of Destiny,Dainty Biberveldt
467,2 Sword of Destiny,Dalia
468,2 Sword of Destiny,Dandelion
469,2 Sword of Destiny,Detchka
470,2 Sword of Destiny,Dezmod
471,2 Sword of Destiny,Dorregaray
472,2 Sword of Destiny,Drunken ferryman
473,2 Sword of Destiny,Dudu
474,2 Sword of Destiny,Dunca
475,2 Sword of Destiny,Ebbing quadruplets
476,2 Sword of Destiny,Eist Tuirseach
477,2 Sword of Destiny,Eithné
478,2 Sword of Destiny,Ekkehard of Sodden
479,2 Sword of Destiny,Eliza
480,2 Sword of Destiny,Emhyr var Emreis
481,2 Sword of Destiny,Ervyll
482,2 Sword of Destiny,Essi Daven
483,2 Sword of Destiny,Ethain
484,2 Sword of Destiny,Eyck of Denesle
485,2 Sword of Destiny,Fercart
486,2 Sword of Destiny,Freixenet
487,2 Sword of Destiny,Gar
488,2 Sword of Destiny,Gardenia Biberveldt
489,2 Sword of Destiny,Gaspard Drouhard
490,2 Sword of Destiny,Geralt of Rivia
491,2 Sword of Destiny,Goldencheeks
492,2 Sword of Destiny,Gorazd
493,2 Sword of Destiny,Gritzi
494,2 Sword of Destiny,Gyllenstiern
495,2 Sword of Destiny,Herbolth
496,2 Sword of Destiny,Istredd
497,2 Sword of Destiny,Ivo Mirce
498,2 Sword of Destiny,Joachim Schwann
499,2 Sword of Destiny,Juan Pablo Vassermiller
500,2 Sword of Destiny,Junghans
501,2 Sword of Destiny,Kennet
502,2 Sword of Destiny,Kistrin
503,2 Sword of Destiny,Kreve
504,2 Sword of Destiny,Lawdbor
505,2 Sword of Destiny,Levecque
506,2 Sword of Destiny,Lucas Corto
507,2 Sword of Destiny,Lytta Neyd
508,2 Sword of Destiny,Marck
509,2 Sword of Destiny,Mestvin
510,2 Sword of Destiny,Mitzi
511,2 Sword of Destiny,Morénn
512,2 Sword of Destiny,Mousesack
513,2 Sword of Destiny,Muskrat
514,2 Sword of Destiny,Myrgtabrakke
515,2 Sword of Destiny,Nadbor
516,2 Sword of Destiny,Nelumbo
517,2 Sword of Destiny,Niedamir
518,2 Sword of Destiny,Paulie Dahlberg
519,2 Sword of Destiny,Pavetta
520,2 Sword of Destiny,Podveyka
521,2 Sword of Destiny,Pokvit
522,2 Sword of Destiny,Putzi
523,2 Sword of Destiny,Radcliffe
524,2 Sword of Destiny,Regan Dahlberg
525,2 Sword of Destiny,Rhundurin
526,2 Sword of Destiny,Rhyd
527,2 Sword of Destiny,Roach
528,2 Sword of Destiny,Roedskilde
529,2 Sword of Destiny,Sabrina Glevissig
530,2 Sword of Destiny,Sambuk
531,2 Sword of Destiny,Sh'eenaz
532,2 Sword of Destiny,Sheepbagger
533,2 Sword of Destiny,Sirssa
534,2 Sword of Destiny,Sorrel
535,2 Sword of Destiny,Stefan Skellen
536,2 Sword of Destiny,Sulik
537,2 Sword of Destiny,Sulimir
539,2 Sword of Destiny,Teleri Drouhard
540,2 Sword of Destiny,Ther Lukokian
541,2 Sword of Destiny,Triss Merigold
542,2 Sword of Destiny,Téa
543,2 Sword of Destiny,Vanda
544,2 Sword of Destiny,Vanielle
545,2 Sword of Destiny,Vell
546,2 Sword of Destiny,Venzlav
547,2 Sword of Destiny,Vertvern
548,2 Sword of Destiny,Vesemir
549,2 Sword of Destiny,Vespula
550,2 Sword of Destiny,Veverka
551,2 Sword of Destiny,Villentretenmerth
552,2 Sword of Destiny,Vimme Vivaldi
553,2 Sword of Destiny,Viraxas
554,2 Sword of Destiny,Visenna
555,2 Sword of Destiny,Voymir (knight)
556,2 Sword of Destiny,Véa
557,2 Sword of Destiny,Xavier Moran
558,2 Sword of Destiny,Yannick Brass
559,2 Sword of Destiny,Yarpen Zigrin
560,2 Sword of Destiny,Yennefer of Vengerberg
561,2 Sword of Destiny,Yoël Grethen
562,2 Sword of Destiny,Yurga
563,2 Sword of Destiny,Zelest
564,Szpony i kły,Ethain
565,Szpony i kły,Mathen
566,Szpony i kły,Sha
567,Tales from the world of The Witcher,Saint Elmo
568,7 The Lady of the Lake,Aarhenius Krantz
569,7 The Lady of the Lake,Abonde
570,7 The Lady of the Lake,Adam Pangratt
571,7 The Lady of the Lake,Adela Marta
572,7 The Lady of the Lake,Aen Saevherne
573,7 The Lady of the Lake,Aillil Mawr Dyffryn aep Ceallach
574,7 The Lady of the Lake,Albert Solpietra
575,7 The Lady of the Lake,Alcides Fierabras
576,7 The Lady of the Lake,Aloë Hildebrandt
577,7 The Lady of the Lake,Amadis de Trastamara
578,7 The Lady of the Lake,Andy Biberveldt
579,7 The Lady of the Lake,Angoulême
580,7 The Lady of the Lake,Angus Bri Cri
581,7 The Lady of the Lake,Anna Henrietta
582,7 The Lady of the Lake,Anna Tiller
583,7 The Lady of the Lake,Anzelm Aubry
584,7 The Lady of the Lake,Ardal aep Dahy
585,7 The Lady of the Lake,Aristoteles Bobeck
586,7 The Lady of the Lake,Arthur
587,7 The Lady of the Lake,Artorius Vigo
588,7 The Lady of the Lake,Assire var Anahid
589,7 The Lady of the Lake,Auberon Muircetach
590,7 The Lady of the Lake,Aubry (second born)
591,7 The Lady of the Lake,Avallac'h
592,7 The Lady of the Lake,Barclay Els
593,7 The Lady of the Lake,Berengar Leuvaarden
594,7 The Lady of the Lake,Bernie Hofmeier
595,7 The Lady of the Lake,Bertram Skellen
596,7 The Lady of the Lake,Blasco Grant
597,7 The Lady of the Lake,Blenheim Blenckert
598,7 The Lady of the Lake,Boreas Mun
599,7 The Lady of the Lake,Braathens
600,7 The Lady of the Lake,Bronibor
601,7 The Lady of the Lake,Brouver Hoog
602,7 The Lady of the Lake,Bucephalus
603,7 The Lady of the Lake,Cahir Mawr Dyffryn aep Ceallach
604,7 The Lady of the Lake,Cairbre aep Diared
605,7 The Lady of the Lake,Calanthe
606,7 The Lady of the Lake,Caleb Stratton
607,7 The Lady of the Lake,Carolina Roberta
608,7 The Lady of the Lake,Carthia van Canten
609,7 The Lady of the Lake,Ceallach aep Gruffyd
610,7 The Lady of the Lake,Cedric (king)
611,7 The Lady of the Lake,Cerro
612,7 The Lady of the Lake,Chevron Knight
613,7 The Lady of the Lake,Cinead var Anahid
614,7 The Lady of the Lake,Ciri
615,7 The Lady of the Lake,Ciri (Jarre's granddaughter)
616,7 The Lady of the Lake,Cirilla Fiona (imposter)
617,7 The Lady of the Lake,Coinneach Dá Reo
618,7 The Lady of the Lake,Condwiramurs Tilly
619,7 The Lady of the Lake,Corbett
620,7 The Lady of the Lake,Count Broinne
621,7 The Lady of the Lake,Count de Ruyter
622,7 The Lady of the Lake,Coën
623,7 The Lady of the Lake,Cregennan of Lod
624,7 The Lady of the Lake,Cyprian Fripp the younger
625,7 The Lady of the Lake,Cyrus Engelkind Hemmelfart
626,7 The Lady of the Lake,Dacre Silifant
627,7 The Lady of the Lake,Dagorad
628,7 The Lady of the Lake,Dandelion
629,7 The Lady of the Lake,Daniel Etcheverry
630,7 The Lady of the Lake,Debora
631,7 The Lady of the Lake,Dede Vargas
632,7 The Lady of the Lake,Demavend III
633,7 The Lady of the Lake,Dennis Cranmer
634,7 The Lady of the Lake,Deuslax
635,7 The Lady of the Lake,Devlin aep Meara
636,7 The Lady of the Lake,Dezmod
637,7 The Lady of the Lake,Dheran Mawr Dyffryn aep Ceallach
638,7 The Lady of the Lake,Didi Hofmeier
639,7 The Lady of the Lake,Dominik Bombastus Houvenaghel
640,7 The Lady of the Lake,Draakul
641,7 The Lady of the Lake,Dyffryn
642,7 The Lady of the Lake,Edmund Bumbler
643,7 The Lady of the Lake,Effenberg
644,7 The Lady of the Lake,Eithné
645,7 The Lady of the Lake,Elan Trahe
646,7 The Lady of the Lake,Elkana Foster
647,7 The Lady of the Lake,Emhyr var Emreis
648,7 The Lady of the Lake,Emiel Regis Rohellec Terzieff-Godefroy
649,7 The Lady of the Lake,Emmerich Gottschalk
650,7 The Lady of the Lake,Eredin Bréacc Glas
651,7 The Lady of the Lake,Ervyll
652,7 The Lady of the Lake,Eskel
653,7 The Lady of the Lake,Esterad Thyssen
654,7 The Lady of the Lake,Ethain
655,7 The Lady of the Lake,Eudora Breckenriggs
656,7 The Lady of the Lake,Eurneid
657,7 The Lady of the Lake,Evangelina Parr
658,7 The Lady of the Lake,Eviva var Anahid
659,7 The Lady of the Lake,Fabio Sachs
660,7 The Lady of the Lake,Falka
661,7 The Lady of the Lake,Fergus var Emreis
662,7 The Lady of the Lake,Field Marshal Windbag
663,7 The Lady of the Lake,Figgis Merluzzo
664,7 The Lady of the Lake,Fisher King (lover of Nimue)
665,7 The Lady of the Lake,Fitz-Oesterlen (cadet)
666,7 The Lady of the Lake,Flourens Delannoy
667,7 The Lady of the Lake,Foltest
668,7 The Lady of the Lake,Forest Gramps
669,7 The Lady of the Lake,Francesca Findabair
670,7 The Lady of the Lake,Fringilla Vigo
671,7 The Lady of the Lake,Fulko Artevelde
672,7 The Lady of the Lake,Fuson
673,7 The Lady of the Lake,Galahad
674,7 The Lady of the Lake,Gardik
675,7 The Lady of the Lake,Gefreiter Corncrake
676,7 The Lady of the Lake,Geralt of Rivia
677,7 The Lady of the Lake,Goidemar
678,7 The Lady of the Lake,Goulue
679,7 The Lady of the Lake,Gruffyd
680,7 The Lady of the Lake,Guy de Bois-Fresnes
681,7 The Lady of the Lake,Hamilcar Danza
682,7 The Lady of the Lake,Hedwig of Malleore
683,7 The Lady of the Lake,Henselt
684,7 The Lady of the Lake,Hereward
685,7 The Lady of the Lake,Holofernes Hofmeier
686,7 The Lady of the Lake,Ida Emean aep Sivney
687,7 The Lady of the Lake,Ihuarraquax
688,7 The Lady of the Lake,Impatientia Vanderbeck
689,7 The Lady of the Lake,Incarvilia Hildebrandt
690,7 The Lady of the Lake,Iola the Second
691,7 The Lady of the Lake,Isengrim Faoiltiarna
692,7 The Lady of the Lake,Istvan Igalffy
693,7 The Lady of the Lake,Ithlinne
694,7 The Lady of the Lake,Jacqueline
695,7 The Lady of the Lake,Jan Lennep
696,7 The Lady of the Lake,Jan Natalis
697,7 The Lady of the Lake,Jarre
698,7 The Lady of the Lake,Jean Catillon
699,7 The Lady of the Lake,Jean La Voisier
700,7 The Lady of the Lake,Joachim de Wett
701,7 The Lady of the Lake,John of Attre
702,7 The Lady of the Lake,Juan Gutierrez
703,7 The Lady of the Lake,Julia Abatemarco
704,7 The Lady of the Lake,Katje
705,7 The Lady of the Lake,Kees van Lo
706,7 The Lady of the Lake,Keira Metz
707,7 The Lady of the Lake,Kelpie (horse)
708,7 The Lady of the Lake,King of the Wild Hunt
709,7 The Lady of the Lake,Kistrin
710,7 The Lady of the Lake,Klaproth
711,7 The Lady of the Lake,Kobus de Ruyter
712,7 The Lady of the Lake,Lamarr Flaut
713,7 The Lady of the Lake,Lambert
714,7 The Lady of the Lake,Lara Dorren
715,7 The Lady of the Lake,Lebioda
716,7 The Lady of the Lake,Leo Bonhart
717,7 The Lady of the Lake,Leon Oppenhauser
718,7 The Lady of the Lake,Liam aep Muir Moss
719,7 The Lady of the Lake,Lorenzo Molla
720,7 The Lady of the Lake,Lucienne
721,7 The Lady of the Lake,Lydia van Bredevoort
722,7 The Lady of the Lake,Lytta Neyd
723,7 The Lady of the Lake,Malatesta
724,7 The Lady of the Lake,Margarita Laux-Antille
725,7 The Lady of the Lake,Markus Braibant
726,7 The Lady of the Lake,Marti Södergren
727,7 The Lady of the Lake,Mawr var Anahid
728,7 The Lady of the Lake,Melfi
729,7 The Lady of the Lake,Menno Coehoorn
730,7 The Lady of the Lake,Meve
731,7 The Lady of the Lake,Milo Vanderbeck
732,7 The Lady of the Lake,Milton
733,7 The Lady of the Lake,Milton de Peyrac-Peyran
734,7 The Lady of the Lake,Milva
735,7 The Lady of the Lake,Mistle
736,7 The Lady of the Lake,Morvran Voorhis
737,7 The Lady of the Lake,Munro Bruys
738,7 The Lady of the Lake,Myrrha
739,7 The Lady of the Lake,Nadia Esposito
740,7 The Lady of the Lake,Natanis
741,7 The Lady of the Lake,Nenneke
742,7 The Lady of the Lake,Nicodemus de Boot
743,7 The Lady of the Lake,Nimue verch Wledyr ap Gwyn
744,7 The Lady of the Lake,Nitert
745,7 The Lady of the Lake,Notturna
746,7 The Lady of the Lake,Nycklar
747,7 The Lady of the Lake,Ograbek
748,7 The Lady of the Lake,Okultich
749,7 The Lady of the Lake,Ola Harsheim
750,7 The Lady of the Lake,Orestes Kopps
751,7 The Lady of the Lake,Ori Reuven
752,7 The Lady of the Lake,Otto de Congreve
753,7 The Lady of the Lake,Ouder de Wyngalt
754,7 The Lady of the Lake,Palmerin de Launfal
755,7 The Lady of the Lake,Papebrock
756,7 The Lady of the Lake,Paulie Dahlberg
757,7 The Lady of the Lake,Pelligram
758,7 The Lady of the Lake,Percival Schuttenbach
759,7 The Lady of the Lake,Peter Faramond
760,7 The Lady of the Lake,Petunia Hildebrandt
761,7 The Lady of the Lake,Philippa Eilhart
762,7 The Lady of the Lake,Pike (person)
763,7 The Lady of the Lake,Prince Voorhis
764,7 The Lady of the Lake,Prine
765,7 The Lady of the Lake,Puttkammer
766,7 The Lady of the Lake,Radovid V
767,7 The Lady of the Lake,Ramon Tyrconnel
768,1 The Last Wish,Abergard
769,1 The Last Wish,"Abrad ""Jack-up-the-Skirt"""
770,1 The Last Wish,Adda of Temeria
771,1 The Last Wish,Adda the White
772,1 The Last Wish,Aen Saevherne
773,1 The Last Wish,Akerspaark
774,1 The Last Wish,Aridea
775,1 The Last Wish,Arthur Tailles
776,1 The Last Wish,Audoen
777,1 The Last Wish,Beau Berrant
778,1 The Last Wish,Bernika
779,1 The Last Wish,Borg
780,1 The Last Wish,Bran Tuirseach
781,1 The Last Wish,Butcher of Blaviken
782,1 The Last Wish,Calanthe
783,1 The Last Wish,Caldemeyn
784,1 The Last Wish,Carrypebble
785,1 The Last Wish,Centurion (innkeeper)
786,1 The Last Wish,Cerberus
787,1 The Last Wish,Cerro
788,1 The Last Wish,Chireadan
789,1 The Last Wish,Civril
790,1 The Last Wish,Crach an Craite
791,1 The Last Wish,Crach's mother
792,1 The Last Wish,Dalimira
793,1 The Last Wish,Dandelion
794,1 The Last Wish,Dennis Cranmer
795,1 The Last Wish,Dezmod
796,1 The Last Wish,Dhun
797,1 The Last Wish,Dragomir
798,1 The Last Wish,Draig Bon-Dhu
799,1 The Last Wish,Drogodar
800,1 The Last Wish,Eist Tuirseach
801,1 The Last Wish,Eltibald
802,1 The Last Wish,Emhyr var Emreis
803,1 The Last Wish,Ermellia
804,1 The Last Wish,Errdil
805,1 The Last Wish,Eskel
806,1 The Last Wish,Ethain
807,1 The Last Wish,Evermir
808,1 The Last Wish,Eylembert of Tigg
809,1 The Last Wish,Falwick
810,1 The Last Wish,Fenne
811,1 The Last Wish,Fialka
812,1 The Last Wish,Fifteen
813,1 The Last Wish,Filavandrel aén Fidháil
814,1 The Last Wish,Fodcat
815,1 The Last Wish,Foltest
816,1 The Last Wish,Fredefalk Vellga
817,1 The Last Wish,Galarr
818,1 The Last Wish,Geoffrey Monck
819,1 The Last Wish,Geralt of Rivia
820,1 The Last Wish,Glutton
821,1 The Last Wish,Haxo
822,1 The Last Wish,Herbert Stammelford
823,1 The Last Wish,Hereward
824,1 The Last Wish,Heribert
825,1 The Last Wish,Idi
826,1 The Last Wish,Ilka
827,1 The Last Wish,Iola
828,1 The Last Wish,Irion
829,1 The Last Wish,Karelka
830,1 The Last Wish,Krepp
831,1 The Last Wish,Laurelnose
832,1 The Last Wish,Lebioda
833,1 The Last Wish,Lenka
834,1 The Last Wish,Libushe
835,1 The Last Wish,Lille
836,1 The Last Wish,Lord Strept
837,1 The Last Wish,Mad Deï
838,1 The Last Wish,Marilka
839,1 The Last Wish,Medell
840,1 The Last Wish,Mousesack
841,1 The Last Wish,Nan the Hag
842,1 The Last Wish,Nenneke
843,1 The Last Wish,Nettly
844,1 The Last Wish,Neville
845,1 The Last Wish,Nimir
846,1 The Last Wish,Nivellen
847,1 The Last Wish,Nohorn
848,1 The Last Wish,Ostrit
849,1 The Last Wish,Pavetta
850,1 The Last Wish,Primula
851,1 The Last Wish,Rainfarn
852,1 The Last Wish,Ravix of Fourhorn
853,1 The Last Wish,Renfri Vellga
854,1 The Last Wish,Roach
855,1 The Last Wish,Roderick de Novembre
856,1 The Last Wish,Roegner of Ebbing
857,1 The Last Wish,Rulle Asper
858,1 The Last Wish,Rumplestelt
859,1 The Last Wish,Sancia of Sodden
860,1 The Last Wish,Segelin
861,1 The Last Wish,Seven gnomes
862,1 The Last Wish,Silvena (Fredefalk's wife)
863,1 The Last Wish,Silvena (Narok ruler)
864,1 The Last Wish,Slow
865,1 The Last Wish,Stregobor
866,1 The Last Wish,Supree
867,1 The Last Wish,Tavik
869,1 The Last Wish,Tinglant
870,1 The Last Wish,Torque
871,1 The Last Wish,Toruviel
872,1 The Last Wish,Treska
873,1 The Last Wish,Trigla
874,1 The Last Wish,Triss Merigold
875,1 The Last Wish,Valdo Marx
876,1 The Last Wish,Vanadain
877,1 The Last Wish,Velerad
878,1 The Last Wish,Venimira
879,1 The Last Wish,Vereena
880,1 The Last Wish,Vesemir
881,1 The Last Wish,Virginia
882,1 The Last Wish,Vissegerd
883,1 The Last Wish,Vizimir II
884,1 The Last Wish,Vratimir
885,1 The Last Wish,Vridank
886,1 The Last Wish,Vyr
887,1 The Last Wish,Warder
888,1 The Last Wish,Wieldhill
889,1 The Last Wish,Windhalm of Attre
890,1 The Last Wish,Yennefer of Vengerberg
891,1 The Last Wish,Zatret Voruta
892,1 The Last Wish,Zavist
893,1 The Last Wish,Zivelina
894,6 The Tower of the Swallow,Adam Pangratt
895,6 The Tower of the Swallow,Aideen
896,6 The Tower of the Swallow,Almavera
897,6 The Tower of the Swallow,Amaranth
898,6 The Tower of the Swallow,Ambassador de Ruyter
899,6 The Tower of the Swallow,Andres Vierny
900,6 The Tower of the Swallow,Angoulême
901,6 The Tower of the Swallow,Anna Henrietta
902,6 The Tower of the Swallow,Ardal aep Dahy
903,6 The Tower of the Swallow,Aristide Vermuellen
904,6 The Tower of the Swallow,Asa Thjazi
905,6 The Tower of the Swallow,Asse
906,6 The Tower of the Swallow,Assire var Anahid
907,6 The Tower of the Swallow,Avallac'h
908,6 The Tower of the Swallow,Baron of Casadei
909,6 The Tower of the Swallow,Benda
910,6 The Tower of the Swallow,Bert Brigden
911,6 The Tower of the Swallow,Big Lothar
912,6 The Tower of the Swallow,Billy Goat (digger)
913,6 The Tower of the Swallow,Blanka
914,6 The Tower of the Swallow,Boreas Mun
915,6 The Tower of the Swallow,Bran Tuirseach
916,6 The Tower of the Swallow,Bucephalus
917,6 The Tower of the Swallow,Buyvid Backhuysen
918,6 The Tower of the Swallow,Cahir Mawr Dyffryn aep Ceallach
919,6 The Tower of the Swallow,Calanthe
920,6 The Tower of the Swallow,Carthia van Canten
921,6 The Tower of the Swallow,Ceallach aep Gruffyd
922,6 The Tower of the Swallow,Chloe Stitz
923,6 The Tower of the Swallow,Ciri
924,6 The Tower of the Swallow,Cirilla Fiona (imposter)
925,6 The Tower of the Swallow,Codringher
926,6 The Tower of the Swallow,Coën
927,6 The Tower of the Swallow,Crach an Craite
928,6 The Tower of the Swallow,Cregennan of Lod
929,6 The Tower of the Swallow,Cyprian Fripp the elder
930,6 The Tower of the Swallow,Cyprian Fripp the younger
931,6 The Tower of the Swallow,D'Arvy
932,6 The Tower of the Swallow,Dacre Silifant
933,6 The Tower of the Swallow,Dandelion
934,6 The Tower of the Swallow,Daniel Etcheverry
935,6 The Tower of the Swallow,Debora
936,6 The Tower of the Swallow,Declan Ros aep Maelchlad
937,6 The Tower of the Swallow,Dede Vargas
938,6 The Tower of the Swallow,Demavend III
939,6 The Tower of the Swallow,Dominik Bombastus Houvenaghel
940,6 The Tower of the Swallow,Draakul
941,6 The Tower of the Swallow,Dufficey Kriel
942,6 The Tower of the Swallow,Effenberg
943,6 The Tower of the Swallow,Eist Tuirseach
944,6 The Tower of the Swallow,Emhyr var Emreis
945,6 The Tower of the Swallow,Emiel Regis Rohellec Terzieff-Godefroy
946,6 The Tower of the Swallow,Eredin Bréacc Glas
947,6 The Tower of the Swallow,Eskel
948,6 The Tower of the Swallow,Esterad Thyssen
949,6 The Tower of the Swallow,Esterhazy
950,6 The Tower of the Swallow,Esteril Thyssen
951,6 The Tower of the Swallow,Eurneid
952,6 The Tower of the Swallow,Fabio Sachs
953,6 The Tower of the Swallow,Falka (alias)
954,6 The Tower of the Swallow,Fergus var Emreis
955,6 The Tower of the Swallow,Flourens Delannoy
956,6 The Tower of the Swallow,Fringilla Vigo
957,6 The Tower of the Swallow,Fulko Artevelde
958,6 The Tower of the Swallow,Gabriel (person)
959,6 The Tower of the Swallow,Gaudemunda Thyssen
960,6 The Tower of the Swallow,Gedovius Troyden
961,6 The Tower of the Swallow,Gemma
962,6 The Tower of the Swallow,Geoffrey Monck
963,6 The Tower of the Swallow,Geralt of Rivia
964,6 The Tower of the Swallow,Gerard Troyden
965,6 The Tower of the Swallow,Giselher
966,6 The Tower of the Swallow,Golan Drozdeck
967,6 The Tower of the Swallow,Gosta
968,6 The Tower of the Swallow,Goulue
969,6 The Tower of the Swallow,Guiscard Vermuellen
970,6 The Tower of the Swallow,Guthlaf
971,6 The Tower of the Swallow,Henselt
972,6 The Tower of the Swallow,Hjalmar an Craite
973,6 The Tower of the Swallow,Homer Straggen
974,6 The Tower of the Swallow,Horsehide
975,6 The Tower of the Swallow,Hotspurn
976,6 The Tower of the Swallow,Iola
977,6 The Tower of the Swallow,Iola the Second
978,6 The Tower of the Swallow,Iskra
979,6 The Tower of the Swallow,Ithlinne
980,6 The Tower of the Swallow,Jacob Fenn
981,6 The Tower of the Swallow,Jan Calveit
982,6 The Tower of the Swallow,Jan Cronin
983,6 The Tower of the Swallow,Jarre
984,6 The Tower of the Swallow,Jediah Mekesser
985,6 The Tower of the Swallow,Joachim de Wett
986,6 The Tower of the Swallow,Joanna Selborne
987,6 The Tower of the Swallow,Juan Gutierrez
988,6 The Tower of the Swallow,Julia Abatemarco
989,6 The Tower of the Swallow,Kabernik Turent
990,6 The Tower of the Swallow,Kamil Ronstetter
991,6 The Tower of the Swallow,Katje
992,6 The Tower of the Swallow,Kaveri
993,6 The Tower of the Swallow,Kayleigh
994,6 The Tower of the Swallow,Kelpie (horse)
995,6 The Tower of the Swallow,Kohut
996,6 The Tower of the Swallow,Lady de Lisemore
997,6 The Tower of the Swallow,Lambert
998,6 The Tower of the Swallow,Lara Dorren
999,6 The Tower of the Swallow,Lebioda
1000,6 The Tower of the Swallow,Leo Bonhart
1001,6 The Tower of the Swallow,Lorenzo Molla
1002,6 The Tower of the Swallow,Lydia van Bredevoort
1003,6 The Tower of the Swallow,Mad Deï
1004,6 The Tower of the Swallow,Margarita Laux-Antille
1005,6 The Tower of the Swallow,Marie de Mercey
1006,6 The Tower of the Swallow,Markus Braibant
1007,6 The Tower of the Swallow,Marquard
1008,6 The Tower of the Swallow,Marquis de Mercey
1009,6 The Tower of the Swallow,Matilda de Nementh-Uyvar
1010,6 The Tower of the Swallow,Matted Hair
1011,6 The Tower of the Swallow,Mawr var Anahid
1012,6 The Tower of the Swallow,Menno Coehoorn
1013,6 The Tower of the Swallow,Meve
1014,6 The Tower of the Swallow,Michael de Noailles
1015,6 The Tower of the Swallow,Milo Vanderbeck
1016,6 The Tower of the Swallow,Milton de Peyrac-Peyran
1017,6 The Tower of the Swallow,Milva
1018,6 The Tower of the Swallow,Mistle
1019,6 The Tower of the Swallow,Muchomorek
1020,6 The Tower of the Swallow,Myrrha
1021,6 The Tower of the Swallow,Nenneke
1022,6 The Tower of the Swallow,Neratin Ceka
1023,6 The Tower of the Swallow,Novosad
1024,6 The Tower of the Swallow,Nycklar
1025,6 The Tower of the Swallow,Ola Harsheim
1026,6 The Tower of the Swallow,Paulie Dahlberg
1027,6 The Tower of the Swallow,Pennycuick
1028,6 The Tower of the Swallow,Philippa Eilhart
1029,6 The Tower of the Swallow,Prine
1030,6 The Tower of the Swallow,Radcliffe
1031,6 The Tower of the Swallow,Radovid I
1032,6 The Tower of the Swallow,Radovid III
1033,6 The Tower of the Swallow,Radovid V
1034,6 The Tower of the Swallow,Raymund
1035,6 The Tower of the Swallow,Reef
1036,6 The Tower of the Swallow,Reynart de Bois-Fresnes
1037,6 The Tower of the Swallow,Rhyd
1038,6 The Tower of the Swallow,Riannon
1039,6 The Tower of the Swallow,Rience
1040,6 The Tower of the Swallow,Rispat La Pointe
1041,6 The Tower of the Swallow,Roach
1042,6 The Tower of the Swallow,Roderick de Novembre
1043,6 The Tower of the Swallow,Rupert (6 The Tower of the Swallow)
1044,6 The Tower of the Swallow,Scarra sisters
1045,6 The Tower of the Swallow,Schirrú
1046,6 The Tower of the Swallow,Schliemann
1047,6 The Tower of the Swallow,Sheala de Tancarville
1048,6 The Tower of the Swallow,Sigismund Dijkstra
1049,6 The Tower of the Swallow,Sigrdrifa
1050,6 The Tower of the Swallow,Stavro
1051,6 The Tower of the Swallow,Stigward
1052,6 The Tower of the Swallow,Surcratasse
1053,6 The Tower of the Swallow,Sven (Guthlaf's father)
1054,6 The Tower of the Swallow,Talbot
1055,6 The Tower of the Swallow,Tankred Thyssen
1056,6 The Tower of the Swallow,Til Echrade
1057,6 The Tower of the Swallow,Tissaia de Vries
1058,6 The Tower of the Swallow,Torres var Emreis
1059,6 The Tower of the Swallow,Triss Merigold
1060,6 The Tower of the Swallow,Troyden
1061,6 The Tower of the Swallow,Valdez
1062,6 The Tower of the Swallow,Vattier de Rideaux
1063,6 The Tower of the Swallow,Vesemir
1064,6 The Tower of the Swallow,Vilgefortz
1065,6 The Tower of the Swallow,Vissegerd
1066,6 The Tower of the Swallow,Vizimir II
1067,6 The Tower of the Swallow,Vysogota of Corvo
1068,6 The Tower of the Swallow,Walter Beda
1069,6 The Tower of the Swallow,Weasel
1070,6 The Tower of the Swallow,Windsor Imbra
1071,6 The Tower of the Swallow,Xarthisius
1072,6 The Tower of the Swallow,Yarpen Zigrin
1073,6 The Tower of the Swallow,Yennefer of Vengerberg
1074,6 The Tower of the Swallow,Yirrel
1075,6 The Tower of the Swallow,Yuz Jannowitz
1076,6 The Tower of the Swallow,Zdyb
1077,6 The Tower of the Swallow,Zuleyka
1078,6 The Tower of the Swallow,Zyvik
1079,4 Time of Contempt,Abdank
1080,4 Time of Contempt,Agnes of Glanville
1081,4 Time of Contempt,Aine Dermott
1082,4 Time of Contempt,Akerspaark
1083,4 Time of Contempt,Akerspaark's children
1084,4 Time of Contempt,Alia Akerspaark
1085,4 Time of Contempt,Aplegatt
1086,4 Time of Contempt,April Wenhaver
1087,4 Time of Contempt,Ardal aep Dahy
1088,4 Time of Contempt,Argentina Akerspaark
1089,4 Time of Contempt,Artaud Terranova
1090,4 Time of Contempt,Asse
1091,4 Time of Contempt,Audegast
1092,4 Time of Contempt,Augusta Wagner
1093,4 Time of Contempt,Aurora Henson
1094,4 Time of Contempt,Bernie Hofmeier
1095,4 Time of Contempt,Bianca d'Este
1096,4 Time of Contempt,Blaise
1097,4 Time of Contempt,Blue Knight
1098,4 Time of Contempt,Bode
1099,4 Time of Contempt,Bronibor
1100,4 Time of Contempt,Cahir Mawr Dyffryn aep Ceallach
1101,4 Time of Contempt,Cairbre aep Diared
1102,4 Time of Contempt,Calanthe
1103,4 Time of Contempt,Carduin
1104,4 Time of Contempt,Carla Demetia Crest
1105,4 Time of Contempt,Ceallach aep Gruffyd
1106,4 Time of Contempt,Cinia Hofmeier
1107,4 Time of Contempt,Ciri
1108,4 Time of Contempt,Cirilla Fiona (imposter)
1109,4 Time of Contempt,Clara aep Gwydolyn Gor
1110,4 Time of Contempt,Codringher
1111,4 Time of Contempt,Coën
1112,4 Time of Contempt,Cregennan of Lod
1113,4 Time of Contempt,Dagorad
1114,4 Time of Contempt,Dandelion
1115,4 Time of Contempt,Demavend III
1116,4 Time of Contempt,Dervla Tryffin Broinne
1117,4 Time of Contempt,Detmold
1118,4 Time of Contempt,Digod
1119,4 Time of Contempt,Dorregaray
1120,4 Time of Contempt,Drithelm
1121,4 Time of Contempt,Effenberg
1122,4 Time of Contempt,Eist Tuirseach
1123,4 Time of Contempt,Elan Trahe
1124,4 Time of Contempt,Elen of Kaedwen
1125,4 Time of Contempt,Emhyr var Emreis
1126,4 Time of Contempt,Eredin Bréacc Glas
1127,4 Time of Contempt,Ervyll
1128,4 Time of Contempt,Eskel
1129,4 Time of Contempt,Esterad Thyssen
1130,4 Time of Contempt,Ethain
1131,4 Time of Contempt,Ettariel
1132,4 Time of Contempt,Evan Helvet
1133,4 Time of Contempt,Fabio Sachs
1134,4 Time of Contempt,Fabio Sachs (senior)
1135,4 Time of Contempt,Falka
1136,4 Time of Contempt,Falka (alias)
1137,4 Time of Contempt,Fauve
1138,4 Time of Contempt,Fercart
1139,4 Time of Contempt,Filavandrel aén Fidháil
1140,4 Time of Contempt,Fiona
1141,4 Time of Contempt,Flavius Michelet
1142,4 Time of Contempt,Flourens Delannoy
1143,4 Time of Contempt,Foltest
1144,4 Time of Contempt,Francesca Findabair
1145,4 Time of Contempt,Franklin Hofmeier
1146,4 Time of Contempt,Geoffrey Monck
1147,4 Time of Contempt,Geralt of Rivia
1148,4 Time of Contempt,Gerhart of Aelle
1149,4 Time of Contempt,Giambattista
1150,4 Time of Contempt,Giselher
1151,4 Time of Contempt,Godyvron Pitcairn
1152,4 Time of Contempt,Gonzalez Akerspaark
1153,4 Time of Contempt,Gorazd
1154,4 Time of Contempt,Gorm Akerspaark
1155,4 Time of Contempt,Hansom
1156,4 Time of Contempt,Hedwig of Malleore
1157,4 Time of Contempt,Heimo Kantor
1158,4 Time of Contempt,Henselt
1159,4 Time of Contempt,Herbert Stammelford
1160,4 Time of Contempt,Hereward
1161,4 Time of Contempt,Horm Akerspaark
1162,4 Time of Contempt,Hoët
1163,4 Time of Contempt,Hrafnir
1164,4 Time of Contempt,Hugo Ansbach
1165,4 Time of Contempt,Ihuarraquax
1166,4 Time of Contempt,Ilona Laux-Antille
1167,4 Time of Contempt,Immanuel Benavent
1168,4 Time of Contempt,Iskra
1169,4 Time of Contempt,Ithlinne
1170,4 Time of Contempt,Ivo Richert
1171,4 Time of Contempt,Jacob Fenn
1172,4 Time of Contempt,Jada Glevissig
1173,4 Time of Contempt,Jan Bekker
1174,4 Time of Contempt,Jan Calveit
1175,4 Time of Contempt,Jarre
1176,4 Time of Contempt,Joachim de Wett
1177,4 Time of Contempt,Justin Ingvar
1178,4 Time of Contempt,Kayleigh
1179,4 Time of Contempt,Keira Metz
1180,4 Time of Contempt,King of the Wild Hunt
1181,4 Time of Contempt,Klara Larissa de Winter
1182,4 Time of Contempt,Korin
1183,4 Time of Contempt,Kraska
1184,4 Time of Contempt,Lambert
1185,4 Time of Contempt,Lara Dorren
1186,4 Time of Contempt,Lars
1187,4 Time of Contempt,Leila
1188,4 Time of Contempt,Leticia Charbonneau
1189,4 Time of Contempt,Little Yaxa
1190,4 Time of Contempt,Lodovico Michelet
1191,4 Time of Contempt,Lutz
1192,4 Time of Contempt,Lydia van Bredevoort
1193,4 Time of Contempt,Malvina Akerspaark
1194,4 Time of Contempt,Mansfeld
1195,4 Time of Contempt,Marder
1196,4 Time of Contempt,Margarita Laux-Antille
1197,4 Time of Contempt,Markus Braibant
1198,4 Time of Contempt,Marquard
1199,4 Time of Contempt,Marti Södergren
1200,4 Time of Contempt,Menno Coehoorn
1201,4 Time of Contempt,Meve
1202,4 Time of Contempt,Michael Glomb
1203,4 Time of Contempt,Michelet brothers
1204,4 Time of Contempt,Milan Raupenneck
1205,4 Time of Contempt,Millet
1206,4 Time of Contempt,Milva
1207,4 Time of Contempt,Mistle
1208,4 Time of Contempt,Molnar Giancardi
1209,4 Time of Contempt,Morvran Voorhis
1210,4 Time of Contempt,Nazarian
1211,4 Time of Contempt,Nenneke
1212,4 Time of Contempt,Niedamir
1213,4 Time of Contempt,Nina Akerspaark
1214,4 Time of Contempt,Nina Fioravanti
1215,4 Time of Contempt,Nitert
1216,4 Time of Contempt,Nora Wagner
1217,4 Time of Contempt,Orm Akerspaark
1218,4 Time of Contempt,Paulie Dahlberg
1219,4 Time of Contempt,Paulina Akerspaark
1220,4 Time of Contempt,Pavetta
1221,4 Time of Contempt,Pegasus
1222,4 Time of Contempt,Peter Evertsen
1223,4 Time of Contempt,Petunia Hofmeier
1224,4 Time of Contempt,Philippa Eilhart
1225,4 Time of Contempt,Radcliffe
1226,4 Time of Contempt,Radmir
1227,4 Time of Contempt,Raffard the White
1228,4 Time of Contempt,Ralf Blunden
1229,4 Time of Contempt,Ransant Alvaro
1230,4 Time of Contempt,Rayla
1231,4 Time of Contempt,Reef
1232,4 Time of Contempt,Rejean
1233,4 Time of Contempt,Remiz
1234,4 Time of Contempt,Rience
1235,4 Time of Contempt,Rizzi Michelet
1236,4 Time of Contempt,Roach
1237,4 Time of Contempt,Roderick de Novembre
1238,4 Time of Contempt,Roegner of Ebbing
1239,4 Time of Contempt,Rudiger
1240,4 Time of Contempt,Sabrina Glevissig
1241,4 Time of Contempt,Schirrú
1242,4 Time of Contempt,Sigismund Dijkstra
1243,4 Time of Contempt,Sir Sweers
1244,4 Time of Contempt,Skomlik
1245,4 Time of Contempt,Stahler
1246,4 Time of Contempt,Stefan Skellen
1247,4 Time of Contempt,Stella Congreve
1248,4 Time of Contempt,Talbot
1249,4 Time of Contempt,Tangerinka Hofmeier
1250,4 Time of Contempt,Tissaia de Vries
1251,4 Time of Contempt,Torm Akerspaark
1252,4 Time of Contempt,Toruviel
1253,4 Time of Contempt,Toublanc Michelet
1254,4 Time of Contempt,Triss Merigold
1255,4 Time of Contempt,Two Tusks
1256,4 Time of Contempt,Valia Akerspaark
1257,4 Time of Contempt,Vattier de Rideaux
1258,4 Time of Contempt,Venzlav
1259,4 Time of Contempt,Vercta
1260,4 Time of Contempt,Vesemir
1261,4 Time of Contempt,Vilgefortz
1262,4 Time of Contempt,Villis
1263,4 Time of Contempt,Vissegerd
1264,4 Time of Contempt,Vizimir II
1265,4 Time of Contempt,Voymir (Redanian)
1266,4 Time of Contempt,Wilfli
1267,4 Time of Contempt,Willemer
1268,4 Time of Contempt,Xarthisius
1269,4 Time of Contempt,Yaevinn
1270,4 Time of Contempt,Yanna of Murivel
1271,4 Time of Contempt,Yarpen Zigrin
1272,4 Time of Contempt,Yennefer of Vengerberg
1273,4 Time of Contempt,Yiolenta Suarez
1274,4 Time of Contempt,Zyvik